title,Category,Authors
AutoManual: Constructing Instruction Manuals by,Unknown,Unknown
AdjointDEIS: Efficient Gradients for Diffusion Models,Deep Learning/Machine Learning,Unknown
Analyzing & Reducing the Need for,Unknown,Unknown
An End-to-End Graph Attention Network Hashing for,Deep Learning/Machine Learning,Unknown
A Walsh Hadamard Derived Linear Vector Symbolic,Optimization Algorithms,Unknown
Beyond accuracy: Tracking more like Human via,Unknown,Unknown
Causal vs. Anticausal merging of predictors,Unknown,Unknown
BERTs are Generative In-Context Learners,Natural Language Processing (NLP),Unknown
Chain of Preference Optimization:,Optimization Algorithms,Unknown
Connecting Joint-Embedding Predictive Architecture,Unknown,Unknown
BoNBoN Alignment for Large Language Models,Natural Language Processing (NLP),Unknown
Autonomous Agents for Collaborative Task under,Error,Error
Credit Attribution and Stable Compression,Error,Error
Data Distribution Valuation,Error,Error
"Decompose, Analyze and Rethink:",Error,Error
Differentially Private Equivalence Testing for,Error,Error
Enhancing Chess Reinforcement Learning with Graph,Reinforcement Learning,Unknown
Fair Wasserstein Coresets,Optimization Algorithms,Unknown
Faster Local Solvers for Graph Diffusion Equations,Optimization Algorithms,Unknown
GITA: Graph to Visual and Textual Integration,Computer Vision,Unknown
Goal Reduction with Loop-Removal Accelerates RL,Reinforcement Learning,Unknown
Improving Sparse Decomposition of Language Model,Natural Language Processing (NLP),Unknown
Improved Regret for Bandit Convex Optimization,Optimization Algorithms,Unknown
Learning from Teaching Regularization:,Unknown,Unknown
Meta-Reinforcement Learning with Universal Policy,Reinforcement Learning,Unknown
Learning Place Cell Representations and,Unknown,Unknown
Mixture of Experts for Audio-Visual Learning,Deep Learning/Machine Learning,Unknown
Multi-Label Learning with,Unknown,Unknown
einspace : Searching for Neural Architectures,Error,Error
Enhancing Zero-Shot Vision Models by Label-Free,Error,Error
Physics-Informed Regularization for Domain-Agnostic,Optimization Algorithms,Unknown
Prospective Representation Learning for,Unknown,Unknown
QBB: Quantization with Binary Bases for LLMs,Deep Learning/Machine Learning,Unknown
Mutual Information Estimation via Normalizing Flows,Error,Error
"Occupancy-based Policy Gradient: Estimation,",Error,Error
ReMoDetect: Reward Models,Reinforcement Learning,Unknown
Retrieval-Augmented Diffusion Models,Deep Learning/Machine Learning,Unknown
Online Learning of Delayed Choices,Error,Error
Robust Sparse Regression with Non-Isotropic Designs,Optimization Algorithms,Unknown
Seek Commonality but Preserve Differences: Dissected,Natural Language Processing (NLP),Unknown
Structured flexibility in recurrent neural networks,Deep Learning/Machine Learning,Unknown
Reinforcement Learning with Adaptive,Reinforcement Learning,Unknown
Test-Time Dynamic Image Fusion,Computer Vision,Unknown
The Surprising Effectiveness of SP Voting with Partial,Unknown,Unknown
Overcoming Common Flaws in the Evaluation of,Error,Error
UQ-Guided Hyperparameter Optimization for,Error,Error
Warm-up Free Policy Optimization:,Error,Error
